<?xml version="1.0" ?>
<result>
	<clustering_histogram>
		<cluster cluster_rank="1" lowest_binding_energy="-8.21" run="8" mean_binding_energy="1677713.79" num_in_clus="10" />
	</clustering_histogram>
	<rmsd_table>
		<run rank="1" sub_rank="1" run="8" binding_energy="-8.21" cluster_rmsd="0.00" reference_rmsd="0.50" />
		<run rank="1" sub_rank="2" run="7" binding_energy="-8.14" cluster_rmsd="0.35" reference_rmsd="0.48" />
		<run rank="1" sub_rank="3" run="3" binding_energy="-8.13" cluster_rmsd="0.56" reference_rmsd="0.60" />
		<run rank="1" sub_rank="4" run="10" binding_energy="-8.07" cluster_rmsd="0.40" reference_rmsd="0.51" />
		<run rank="1" sub_rank="5" run="9" binding_energy="-7.89" cluster_rmsd="0.71" reference_rmsd="0.59" />
		<run rank="1" sub_rank="6" run="1" binding_energy="-7.64" cluster_rmsd="0.71" reference_rmsd="0.69" />
		<run rank="1" sub_rank="7" run="5" binding_energy="-7.58" cluster_rmsd="0.95" reference_rmsd="1.04" />
		<run rank="1" sub_rank="8" run="2" binding_energy="-7.55" cluster_rmsd="0.92" reference_rmsd="0.77" />
		<run rank="1" sub_rank="9" run="6" binding_energy="-7.39" cluster_rmsd="0.82" reference_rmsd="0.67" />
		<run rank="1" sub_rank="10" run="4" binding_energy="16777208.49" cluster_rmsd="0.92" reference_rmsd="0.85" />
	</rmsd_table>
</result>
